campaign_id,hcp_id,start_date,end_date,reach,engagement_rate,conversion_rate,downloads,impressions,clicks,conversions,roi,month_key,quarter_key,year_key,engaged_interactions,total_interactions,engagement_date,engagement_type,time_spent_minutes
CMP000089,HCP000345,2024-07-27,2025-07-15,0.2,0.38,0.09,26,7975,1075,915,0.38,7,Q3,2024,36,45,2025-02-01,view,25.1
CMP000044,HCP000062,2024-05-23,2025-08-18,0.42,0.39,0.14,12,8483,1463,897,2.72,5,Q2,2024,16,44,2024-05-24,conversion,13.0
CMP000043,HCP000352,2023-05-25,2025-05-06,0.54,0.19,0.3,8,2657,6285,342,1.78,5,Q2,2023,16,20,2024-09-29,click,29.8
CMP000262,HCP000379,2025-10-28,2025-12-01,0.83,0.3,0.13,5,4571,3292,867,2.86,10,Q4,2025,52,67,2025-10-31,conversion,15.8
CMP000215,HCP000077,2025-04-10,2025-09-11,0.71,0.27,0.28,91,6434,533,914,1.74,4,Q2,2025,47,51,2025-05-22,view,19.8
CMP000133,HCP000394,2024-10-29,2025-04-11,0.85,0.16,0.06,14,4754,4470,367,0.1,10,Q4,2024,99,120,2025-02-02,conversion,27.5
CMP000098,HCP000377,2024-02-22,2024-10-29,0.72,0.27,0.05,55,8624,6392,67,1.88,2,Q1,2024,93,135,2024-06-11,conversion,13.7
CMP000186,HCP000046,2024-06-08,2025-08-07,0.69,0.29,0.27,87,9008,6009,447,2.12,6,Q2,2024,51,60,2024-09-17,conversion,7.6
CMP000292,HCP000285,2025-05-29,2025-12-03,0.15,0.39,0.11,91,2688,2547,877,0.76,5,Q2,2025,65,69,2025-10-29,click,5.2
CMP000240,HCP000226,2024-06-17,2025-11-29,0.45,0.17,0.11,97,2167,3590,120,1.66,6,Q2,2024,81,84,2024-07-24,click,22.3
CMP000089,HCP000161,2023-03-13,2023-08-14,0.4,0.19,0.15,36,3825,8514,732,0.76,3,Q1,2023,6,33,2023-07-12,conversion,16.6
CMP000140,HCP000169,2024-12-14,2024-12-20,0.32,0.17,0.2,53,5936,2153,967,1.04,12,Q4,2024,9,11,2024-12-14,click,13.2
CMP000349,HCP000364,2023-09-03,2025-07-19,0.37,0.17,0.02,68,6609,3313,769,0.16,9,Q3,2023,71,78,2024-08-22,view,7.2
CMP000066,HCP000431,2023-01-02,2024-10-27,0.11,0.22,0.2,44,7807,4097,335,1.64,1,Q1,2023,23,32,2023-06-08,click,9.9
CMP000252,HCP000407,2025-12-05,2025-12-11,0.14,0.1,0.03,72,3306,1588,43,2.2,12,Q4,2025,69,114,2025-12-10,conversion,12.3
CMP000029,HCP000227,2025-10-06,2025-11-04,0.6,0.29,0.15,79,4983,3868,490,2.54,10,Q4,2025,67,102,2025-10-13,conversion,26.7
CMP000284,HCP000480,2024-03-01,2024-05-12,0.11,0.35,0.28,49,5939,3833,369,1.18,3,Q1,2024,21,53,2024-05-03,click,24.9
CMP000053,HCP000296,2024-07-13,2025-01-23,0.75,0.37,0.13,62,9265,8387,882,1.64,7,Q3,2024,22,48,2024-07-29,conversion,3.9
CMP000258,HCP000075,2024-07-31,2025-12-29,0.74,0.28,0.08,58,9070,8434,291,0.62,7,Q3,2024,38,64,2025-12-17,view,22.6
CMP000385,HCP000202,2023-09-15,2023-12-04,0.81,0.16,0.21,83,3102,9202,557,1.26,9,Q3,2023,42,91,2023-10-23,view,23.8
CMP000306,HCP000030,2025-08-29,2025-10-27,0.67,0.38,0.17,76,5823,9447,941,2.74,8,Q3,2025,14,30,2025-09-20,click,29.4
CMP000333,HCP000393,2024-10-28,2025-01-06,0.79,0.19,0.12,28,1690,4123,89,0.17,10,Q4,2024,52,97,2025-01-04,view,17.6
CMP000166,HCP000084,2023-05-28,2023-05-29,0.76,0.06,0.1,59,3377,8119,203,0.68,5,Q2,2023,56,65,2023-05-28,click,17.4
CMP000353,HCP000262,2025-01-10,2025-02-09,0.82,0.13,0.06,95,1553,5216,525,2.14,1,Q1,2025,40,40,2025-01-16,conversion,27.3
CMP000303,HCP000013,2025-07-11,2025-08-23,0.61,0.36,0.19,81,5470,6872,275,0.32,7,Q3,2025,44,74,2025-08-05,view,15.5
CMP000226,HCP000307,2025-11-22,2025-12-13,0.69,0.24,0.29,41,1561,8267,834,1.22,11,Q4,2025,57,58,2025-11-22,view,5.8
CMP000188,HCP000120,2023-01-13,2025-12-28,0.53,0.37,0.17,13,9152,8343,583,1.23,1,Q1,2023,8,54,2024-06-29,conversion,9.5
CMP000173,HCP000309,2023-07-07,2025-04-23,0.44,0.36,0.08,54,4138,7313,615,2.02,7,Q3,2023,93,132,2024-12-27,view,7.3
CMP000023,HCP000062,2023-07-25,2025-08-05,0.73,0.35,0.04,55,2176,6511,916,2.1,7,Q3,2023,28,35,2023-09-18,view,11.5
CMP000292,HCP000381,2023-12-22,2024-10-14,0.59,0.05,0.3,67,9813,5190,154,0.48,12,Q4,2023,28,77,2024-01-25,conversion,8.4
CMP000124,HCP000086,2023-06-09,2023-11-16,0.78,0.38,0.24,20,6834,903,398,2.0,6,Q2,2023,70,91,2023-08-08,view,12.8
CMP000110,HCP000046,2024-07-24,2025-03-13,0.49,0.28,0.12,9,4093,4898,459,0.8,7,Q3,2024,58,63,2024-09-15,conversion,9.6
CMP000202,HCP000065,2024-08-17,2024-11-28,0.72,0.21,0.1,29,9140,5919,911,1.53,8,Q3,2024,7,52,2024-09-13,click,8.4
CMP000046,HCP000394,2023-04-17,2025-07-19,0.51,0.16,0.05,61,9863,1274,120,2.7,4,Q2,2023,3,37,2023-04-30,click,5.4
CMP000332,HCP000264,2025-08-06,2025-12-10,0.49,0.07,0.15,18,2833,6028,463,1.26,8,Q3,2025,89,101,2025-09-06,view,29.5
CMP000097,HCP000213,2024-11-14,2025-08-13,0.46,0.08,0.01,44,2409,1862,919,2.15,11,Q4,2024,41,42,2025-02-04,conversion,9.1
CMP000345,HCP000001,2025-09-02,2025-10-01,0.56,0.28,0.14,51,6257,9590,473,2.42,9,Q3,2025,56,63,2025-09-21,view,20.7
CMP000057,HCP000498,2025-08-15,2025-12-26,0.56,0.4,0.29,44,5809,6445,188,1.64,8,Q3,2025,92,127,2025-11-08,view,24.3
CMP000227,HCP000421,2023-12-04,2024-02-09,0.48,0.3,0.11,19,2381,3227,822,1.34,12,Q4,2023,57,93,2023-12-13,conversion,20.5
CMP000270,HCP000351,2023-08-06,2024-02-13,0.12,0.25,0.04,42,5118,1626,457,0.58,8,Q3,2023,4,44,2023-11-28,view,12.8
CMP000049,HCP000047,2024-08-19,2025-05-19,0.56,0.26,0.2,53,4019,1404,876,0.21,8,Q3,2024,65,72,2025-02-01,conversion,7.6
CMP000338,HCP000238,2024-05-03,2024-08-19,0.3,0.19,0.3,93,3944,5057,833,0.97,5,Q2,2024,3,24,2024-06-20,view,13.7
CMP000116,HCP000084,2024-03-06,2025-07-19,0.51,0.1,0.19,71,6690,1942,253,2.09,3,Q1,2024,54,70,2024-05-10,click,27.4
CMP000295,HCP000203,2024-01-21,2025-03-25,0.34,0.15,0.26,24,7127,5171,604,1.81,1,Q1,2024,11,16,2024-08-29,view,23.0
CMP000176,HCP000013,2025-12-08,2025-12-08,0.84,0.09,0.08,35,2957,6748,858,2.08,12,Q4,2025,76,99,2025-12-08,view,9.1
CMP000368,HCP000283,2023-11-16,2024-12-22,0.58,0.09,0.17,21,4514,3030,427,0.31,11,Q4,2023,58,105,2024-12-15,view,28.2
CMP000152,HCP000385,2023-10-21,2025-06-20,0.86,0.09,0.14,8,1947,8876,824,0.39,10,Q4,2023,46,49,2024-06-06,click,19.8
CMP000020,HCP000208,2025-09-30,2025-10-05,0.84,0.29,0.22,25,6502,7708,887,2.77,9,Q3,2025,71,117,2025-10-04,click,17.4
CMP000302,HCP000232,2024-01-07,2025-01-25,0.42,0.11,0.11,55,8002,8917,88,1.76,1,Q1,2024,45,94,2024-06-04,conversion,28.5
CMP000351,HCP000062,2023-06-25,2024-07-03,0.24,0.24,0.21,15,9973,2374,195,0.74,6,Q2,2023,49,64,2024-01-05,conversion,9.7
CMP000067,HCP000275,2025-09-18,2025-10-01,0.83,0.34,0.2,36,7922,3481,26,0.95,9,Q3,2025,24,40,2025-09-30,view,26.9
CMP000398,HCP000011,2023-01-19,2024-08-01,0.63,0.31,0.14,54,6049,4804,258,2.7,1,Q1,2023,24,46,2023-09-21,click,3.5
CMP000356,HCP000432,2023-07-25,2025-03-16,0.55,0.38,0.16,80,8407,9797,915,2.23,7,Q3,2023,27,41,2024-10-08,click,7.9
CMP000336,HCP000154,2024-10-15,2025-07-25,0.3,0.36,0.17,57,7841,222,898,0.56,10,Q4,2024,3,10,2025-05-15,conversion,26.2
CMP000371,HCP000305,2025-11-26,2025-12-04,0.2,0.22,0.09,22,7405,590,747,0.18,11,Q4,2025,12,23,2025-12-01,conversion,5.6
CMP000091,HCP000088,2023-04-24,2023-05-19,0.19,0.07,0.19,68,9843,516,223,2.16,4,Q2,2023,54,101,2023-04-27,click,2.4
CMP000240,HCP000334,2023-01-22,2024-03-04,0.39,0.28,0.26,87,6867,3294,429,0.96,1,Q1,2023,36,40,2023-07-08,conversion,5.9
CMP000228,HCP000237,2023-03-03,2023-06-04,0.79,0.22,0.08,37,5314,6964,390,1.5,3,Q1,2023,47,73,2023-06-03,conversion,17.5
CMP000013,HCP000447,2024-09-10,2025-10-08,0.58,0.17,0.1,3,1637,5966,659,0.91,9,Q3,2024,58,70,2025-04-20,view,15.1
CMP000194,HCP000103,2025-09-03,2025-12-09,0.3,0.19,0.05,37,6320,8827,470,0.17,9,Q3,2025,83,123,2025-11-16,view,12.1
CMP000364,HCP000206,2024-10-07,2025-09-01,0.74,0.08,0.06,60,4185,3338,270,2.64,10,Q4,2024,6,19,2025-07-06,view,1.5
CMP000140,HCP000062,2024-09-16,2024-11-19,0.53,0.21,0.27,16,2459,4331,498,1.92,9,Q3,2024,84,100,2024-11-17,conversion,15.3
CMP000380,HCP000449,2025-04-13,2025-11-07,0.24,0.31,0.07,93,9673,3490,247,0.57,4,Q2,2025,37,75,2025-06-11,conversion,15.3
CMP000142,HCP000239,2024-03-07,2024-05-10,0.57,0.15,0.13,95,3235,5083,265,0.31,3,Q1,2024,28,69,2024-04-06,view,11.4
CMP000392,HCP000146,2023-05-03,2025-07-05,0.49,0.1,0.03,48,7609,5034,586,0.81,5,Q2,2023,50,53,2024-03-13,conversion,22.8
CMP000164,HCP000223,2023-08-30,2025-12-10,0.77,0.19,0.09,7,6180,1479,842,1.9,8,Q3,2023,37,81,2025-01-18,conversion,7.5
CMP000358,HCP000429,2024-08-29,2025-11-27,0.11,0.36,0.05,10,2314,5372,228,0.24,8,Q3,2024,12,15,2024-10-19,view,4.7
CMP000145,HCP000457,2024-04-26,2025-10-20,0.31,0.39,0.12,57,9808,2518,37,1.36,4,Q2,2024,16,36,2025-03-31,click,3.8
CMP000054,HCP000288,2024-01-06,2024-02-19,0.27,0.1,0.02,54,9123,5073,254,2.85,1,Q1,2024,47,58,2024-01-17,click,8.8
CMP000121,HCP000259,2023-05-14,2025-03-18,0.75,0.32,0.15,92,3267,9788,739,2.18,5,Q2,2023,2,43,2023-08-12,view,8.3
CMP000357,HCP000428,2024-12-05,2025-01-16,0.54,0.22,0.12,59,6333,6771,925,1.22,12,Q4,2024,70,114,2024-12-20,conversion,27.6
CMP000328,HCP000390,2025-10-31,2025-11-17,0.36,0.07,0.19,17,3853,2836,966,1.97,10,Q4,2025,77,108,2025-11-02,conversion,9.5
CMP000007,HCP000406,2023-01-20,2023-08-21,0.67,0.23,0.16,9,7749,1601,435,0.41,1,Q1,2023,23,25,2023-01-24,click,21.7
CMP000229,HCP000327,2023-09-12,2025-10-22,0.82,0.05,0.01,31,7209,2865,110,2.93,9,Q3,2023,63,64,2025-09-21,conversion,2.3
CMP000278,HCP000202,2024-06-22,2025-08-02,0.4,0.07,0.11,58,9566,657,266,1.68,6,Q2,2024,61,101,2025-07-28,click,18.9
CMP000077,HCP000230,2024-02-07,2024-06-15,0.49,0.29,0.04,56,6848,2837,383,1.99,2,Q1,2024,3,50,2024-04-19,click,7.8
CMP000290,HCP000239,2023-07-17,2024-09-06,0.15,0.2,0.26,48,5385,6451,877,2.45,7,Q3,2023,70,119,2023-10-16,conversion,3.7
CMP000361,HCP000349,2023-02-15,2024-07-19,0.13,0.35,0.11,8,4726,2142,860,0.54,2,Q1,2023,20,55,2024-01-14,view,22.8
CMP000038,HCP000345,2024-02-27,2025-04-08,0.6,0.32,0.25,85,5476,4589,59,0.17,2,Q1,2024,32,64,2024-04-16,view,29.0
CMP000061,HCP000041,2024-02-13,2025-08-19,0.65,0.08,0.07,23,6835,793,380,0.88,2,Q1,2024,19,30,2025-05-05,view,18.8
CMP000139,HCP000172,2025-09-01,2025-09-15,0.38,0.24,0.2,25,4604,1543,914,0.46,9,Q3,2025,59,104,2025-09-13,click,29.7
CMP000080,HCP000191,2024-12-08,2025-06-24,0.77,0.25,0.26,53,5987,3725,56,1.83,12,Q4,2024,56,66,2025-04-26,view,26.5
CMP000339,HCP000441,2023-03-28,2025-05-12,0.5,0.19,0.15,16,1102,7553,433,1.75,3,Q1,2023,65,93,2025-01-23,click,10.2
CMP000360,HCP000366,2025-05-30,2025-08-02,0.74,0.07,0.06,36,9246,9222,301,2.0,5,Q2,2025,36,60,2025-07-04,click,11.7
CMP000365,HCP000245,2023-09-02,2024-10-02,0.3,0.16,0.29,57,8280,1193,748,1.19,9,Q3,2023,56,59,2023-11-20,click,11.7
CMP000090,HCP000226,2025-06-10,2025-07-24,0.23,0.28,0.09,13,2977,2513,868,1.48,6,Q2,2025,10,40,2025-06-21,conversion,4.9
CMP000225,HCP000014,2025-03-01,2025-03-01,0.87,0.19,0.11,67,1974,1789,585,2.94,3,Q1,2025,32,42,2025-03-01,view,29.0
CMP000147,HCP000182,2023-01-20,2024-02-03,0.55,0.15,0.18,43,4205,4144,608,2.36,1,Q1,2023,89,134,2023-02-06,conversion,18.5
CMP000143,HCP000346,2025-01-02,2025-05-23,0.44,0.34,0.15,27,1313,9021,977,1.66,1,Q1,2025,21,41,2025-03-17,click,6.9
CMP000013,HCP000329,2023-08-22,2024-05-26,0.57,0.3,0.26,58,6704,8303,607,1.44,8,Q3,2023,76,81,2023-09-04,click,20.7
CMP000117,HCP000259,2025-05-08,2025-10-17,0.2,0.18,0.25,42,5954,844,489,2.98,5,Q2,2025,97,117,2025-06-20,click,2.2
CMP000065,HCP000430,2024-05-14,2024-11-22,0.71,0.32,0.23,15,9819,476,824,0.32,5,Q2,2024,42,76,2024-08-02,view,10.5
CMP000341,HCP000124,2024-05-12,2024-12-08,0.18,0.22,0.13,74,8811,7443,61,1.56,5,Q2,2024,87,91,2024-06-11,click,18.7
CMP000369,HCP000209,2025-06-06,2025-10-28,0.24,0.2,0.11,78,7881,7478,35,0.34,6,Q2,2025,2,29,2025-06-29,view,29.0
CMP000004,HCP000497,2025-02-18,2025-11-06,0.37,0.34,0.09,31,7141,5117,301,1.41,2,Q1,2025,5,14,2025-03-10,view,18.3
CMP000353,HCP000005,2023-10-06,2024-09-16,0.73,0.39,0.12,15,8440,4758,774,1.02,10,Q4,2023,28,49,2024-08-13,click,3.4
CMP000082,HCP000401,2025-03-12,2025-03-29,0.65,0.06,0.1,40,5138,4374,466,1.94,3,Q1,2025,32,62,2025-03-21,click,18.3
CMP000314,HCP000086,2023-04-18,2025-04-09,0.4,0.25,0.03,37,7777,3305,811,2.23,4,Q2,2023,25,37,2025-02-18,conversion,23.8
CMP000378,HCP000376,2024-03-14,2025-11-04,0.52,0.36,0.17,94,3151,3282,437,2.17,3,Q1,2024,69,106,2024-11-10,view,19.2
CMP000374,HCP000049,2024-05-23,2024-07-29,0.88,0.33,0.22,70,9302,8200,873,2.55,5,Q2,2024,32,48,2024-07-15,view,8.0
CMP000368,HCP000107,2024-12-10,2024-12-13,0.64,0.16,0.21,20,1166,3724,309,2.66,12,Q4,2024,23,70,2024-12-11,conversion,11.4
CMP000101,HCP000057,2023-11-08,2025-02-02,0.6,0.37,0.02,62,8636,8120,35,2.21,11,Q4,2023,50,85,2025-01-18,view,27.4
CMP000100,HCP000324,2024-04-17,2025-11-12,0.72,0.37,0.08,55,1109,6649,786,0.64,4,Q2,2024,26,26,2025-08-13,click,19.6
CMP000068,HCP000432,2024-01-12,2025-01-06,0.81,0.32,0.12,86,3026,1955,737,2.27,1,Q1,2024,62,79,2024-06-03,click,14.3
CMP000052,HCP000116,2025-07-08,2025-10-11,0.55,0.09,0.03,22,7306,5172,341,1.59,7,Q3,2025,30,49,2025-09-21,view,17.7
CMP000306,HCP000255,2023-10-31,2024-11-14,0.77,0.18,0.09,12,1990,5390,139,1.2,10,Q4,2023,75,108,2023-12-28,view,5.8
CMP000161,HCP000469,2023-01-10,2024-10-07,0.36,0.18,0.28,61,8972,9729,104,0.55,1,Q1,2023,53,93,2023-01-28,click,7.5
CMP000210,HCP000474,2023-12-28,2025-02-20,0.58,0.23,0.16,52,9003,7791,468,2.05,12,Q4,2023,73,82,2024-09-22,conversion,17.9
CMP000042,HCP000031,2025-09-14,2025-09-15,0.78,0.22,0.06,54,6363,5987,621,1.29,9,Q3,2025,64,85,2025-09-14,view,24.0
CMP000244,HCP000060,2023-01-03,2025-10-20,0.34,0.35,0.16,77,2041,1657,193,1.81,1,Q1,2023,25,56,2024-08-09,conversion,19.7
CMP000267,HCP000269,2024-04-22,2024-07-11,0.55,0.19,0.29,27,9739,3084,408,2.04,4,Q2,2024,6,30,2024-05-11,click,12.6
CMP000150,HCP000031,2025-04-03,2025-07-04,0.81,0.14,0.03,43,9448,9231,66,0.94,4,Q2,2025,79,128,2025-05-13,click,13.9
CMP000205,HCP000024,2025-02-03,2025-02-26,0.53,0.38,0.22,60,6205,4962,686,1.25,2,Q1,2025,84,93,2025-02-06,view,26.3
CMP000120,HCP000156,2024-03-10,2024-05-21,0.85,0.34,0.26,12,2554,5699,596,2.56,3,Q1,2024,2,16,2024-03-14,click,2.7
CMP000017,HCP000354,2023-12-26,2025-11-21,0.61,0.14,0.05,51,7372,8651,14,1.2,12,Q4,2023,78,116,2025-10-12,conversion,26.3
CMP000200,HCP000332,2025-03-18,2025-08-25,0.52,0.34,0.23,7,8366,5307,399,2.47,3,Q1,2025,68,70,2025-08-01,click,10.2
CMP000187,HCP000239,2024-08-01,2025-07-23,0.53,0.18,0.24,11,5444,887,531,1.2,8,Q3,2024,91,140,2025-05-18,view,15.6
CMP000012,HCP000372,2023-05-12,2025-10-30,0.34,0.06,0.06,9,5055,706,34,0.38,5,Q2,2023,29,31,2023-10-07,click,4.1
CMP000270,HCP000250,2025-02-24,2025-04-16,0.81,0.16,0.22,20,8796,2320,13,1.17,2,Q1,2025,20,30,2025-04-03,view,17.4
CMP000167,HCP000300,2023-04-27,2025-11-01,0.8,0.2,0.19,31,2250,4106,47,0.85,4,Q2,2023,70,77,2025-09-25,view,13.7
CMP000013,HCP000055,2023-04-07,2025-02-10,0.13,0.16,0.09,60,2803,7216,447,1.37,4,Q2,2023,6,19,2024-09-02,conversion,27.7
CMP000314,HCP000415,2023-07-23,2024-07-24,0.18,0.27,0.24,10,7121,5889,309,2.92,7,Q3,2023,18,36,2023-11-13,conversion,24.5
CMP000342,HCP000253,2024-02-10,2025-12-01,0.46,0.32,0.17,30,1531,4237,354,1.63,2,Q1,2024,50,90,2024-10-11,view,5.2
CMP000313,HCP000219,2024-09-02,2025-05-13,0.22,0.39,0.28,51,7761,491,705,1.65,9,Q3,2024,22,55,2025-01-03,conversion,26.1
CMP000096,HCP000106,2024-12-04,2025-07-03,0.51,0.37,0.27,88,7058,7755,799,2.99,12,Q4,2024,2,33,2025-03-04,view,28.6
CMP000170,HCP000134,2023-04-27,2024-03-06,0.28,0.1,0.1,41,8224,7902,249,2.13,4,Q2,2023,63,101,2023-06-18,view,7.1
CMP000241,HCP000449,2025-06-27,2025-07-18,0.18,0.21,0.14,55,3014,5044,958,1.2,6,Q2,2025,61,96,2025-06-30,click,19.8
CMP000284,HCP000272,2023-06-14,2024-02-24,0.59,0.18,0.3,57,2440,9690,584,0.69,6,Q2,2023,22,24,2023-12-05,conversion,6.8
CMP000315,HCP000153,2024-12-24,2025-04-24,0.58,0.4,0.07,39,3327,6665,609,1.63,12,Q4,2024,57,100,2025-03-12,conversion,17.4
CMP000124,HCP000080,2023-07-07,2025-10-16,0.25,0.16,0.02,52,8198,1720,566,0.84,7,Q3,2023,67,78,2025-01-13,conversion,14.8
CMP000182,HCP000297,2023-11-19,2024-11-04,0.49,0.31,0.17,83,6176,3493,986,1.15,11,Q4,2023,10,44,2024-03-17,click,12.2
CMP000292,HCP000054,2024-12-20,2025-04-01,0.76,0.08,0.11,91,8256,8792,671,1.53,12,Q4,2024,81,124,2025-01-12,click,8.0
CMP000055,HCP000189,2023-05-21,2024-01-20,0.12,0.19,0.28,66,6767,5930,275,2.09,5,Q2,2023,43,83,2023-09-16,conversion,1.4
CMP000250,HCP000338,2025-12-30,2025-12-30,0.8,0.28,0.08,96,1826,9957,139,2.4,12,Q4,2025,15,26,2025-12-30,conversion,9.7
CMP000014,HCP000081,2023-12-01,2025-09-10,0.7,0.27,0.13,34,7287,1505,464,2.8,12,Q4,2023,43,49,2024-08-11,view,3.0
CMP000125,HCP000383,2023-08-19,2024-01-07,0.51,0.34,0.22,46,3751,7604,747,1.77,8,Q3,2023,76,117,2024-01-04,conversion,23.6
CMP000377,HCP000152,2024-01-21,2024-10-23,0.49,0.28,0.03,14,8704,6215,109,0.53,1,Q1,2024,5,5,2024-06-22,view,18.5
CMP000106,HCP000054,2025-03-08,2025-03-27,0.4,0.25,0.16,46,4996,114,569,2.42,3,Q1,2025,34,69,2025-03-24,view,28.7
CMP000210,HCP000019,2024-04-09,2024-10-28,0.31,0.13,0.1,80,2685,2183,251,0.77,4,Q2,2024,26,56,2024-06-15,click,24.5
CMP000166,HCP000446,2023-02-18,2024-11-07,0.14,0.33,0.16,84,6404,783,742,1.03,2,Q1,2023,55,71,2024-02-04,click,5.9
CMP000253,HCP000269,2025-05-13,2025-12-12,0.26,0.33,0.13,87,6738,2126,973,2.74,5,Q2,2025,89,99,2025-08-18,view,25.4
CMP000268,HCP000013,2023-05-28,2025-05-14,0.74,0.11,0.24,43,6710,1867,622,2.92,5,Q2,2023,63,107,2023-08-15,conversion,15.4
CMP000232,HCP000440,2023-08-06,2024-02-10,0.24,0.23,0.24,48,9657,9392,699,2.07,8,Q3,2023,50,68,2023-08-08,view,6.5
CMP000107,HCP000451,2023-04-06,2024-03-16,0.17,0.39,0.29,83,7761,3611,189,2.89,4,Q2,2023,3,25,2023-05-26,click,2.7
CMP000107,HCP000146,2023-11-04,2025-07-18,0.5,0.26,0.12,9,3210,7330,621,0.22,11,Q4,2023,61,84,2024-08-19,view,3.3
CMP000030,HCP000157,2025-12-02,2025-12-06,0.32,0.15,0.03,18,6032,6361,379,1.8,12,Q4,2025,65,81,2025-12-05,view,26.5
CMP000156,HCP000240,2025-06-29,2025-08-18,0.86,0.3,0.03,59,7771,6848,750,1.6,6,Q2,2025,49,67,2025-07-06,click,16.2
CMP000172,HCP000416,2023-02-03,2023-05-14,0.67,0.19,0.04,12,2751,2757,913,1.34,2,Q1,2023,48,55,2023-03-13,view,3.6
CMP000132,HCP000346,2025-09-30,2025-11-12,0.57,0.06,0.18,4,4624,6444,620,1.82,9,Q3,2025,47,55,2025-11-08,view,22.4
CMP000117,HCP000364,2023-07-20,2023-12-09,0.82,0.07,0.12,46,6004,8500,167,2.85,7,Q3,2023,65,113,2023-09-22,view,21.1
CMP000305,HCP000345,2023-07-10,2023-09-14,0.66,0.4,0.21,97,8312,4610,403,0.39,7,Q3,2023,89,126,2023-08-23,click,8.4
CMP000162,HCP000018,2023-03-20,2023-12-05,0.4,0.27,0.25,27,9678,6394,368,2.71,3,Q1,2023,47,61,2023-10-28,conversion,17.0
CMP000340,HCP000412,2024-11-03,2025-09-05,0.17,0.2,0.08,47,9382,8431,624,2.46,11,Q4,2024,84,112,2025-05-14,conversion,22.8
CMP000112,HCP000453,2023-02-15,2024-10-01,0.33,0.28,0.26,71,9644,1711,105,0.12,2,Q1,2023,22,38,2024-07-29,conversion,17.7
CMP000354,HCP000305,2024-10-24,2025-03-07,0.6,0.35,0.06,72,5272,1529,310,1.15,10,Q4,2024,93,113,2024-12-31,conversion,17.3
CMP000152,HCP000160,2023-11-30,2025-11-04,0.85,0.12,0.02,75,4665,4835,368,2.32,11,Q4,2023,11,45,2024-04-23,conversion,5.3
CMP000119,HCP000098,2024-03-03,2024-10-06,0.68,0.2,0.28,26,6690,3081,907,0.58,3,Q1,2024,73,108,2024-08-23,view,1.7
CMP000098,HCP000216,2023-08-19,2023-10-11,0.46,0.14,0.09,85,8585,4222,686,2.21,8,Q3,2023,68,81,2023-09-11,view,28.5
CMP000371,HCP000247,2025-10-02,2025-10-30,0.8,0.38,0.03,85,7838,4445,592,2.64,10,Q4,2025,50,89,2025-10-26,conversion,8.5
CMP000290,HCP000236,2024-10-02,2025-12-03,0.48,0.27,0.03,5,1029,9058,152,2.25,10,Q4,2024,74,75,2025-10-09,view,18.8
CMP000351,HCP000339,2023-04-05,2023-08-19,0.88,0.07,0.04,2,9762,1342,722,0.81,4,Q2,2023,14,24,2023-05-29,view,25.9
CMP000336,HCP000124,2024-08-17,2024-12-01,0.86,0.35,0.1,28,2297,457,656,0.71,8,Q3,2024,45,51,2024-11-06,click,14.4
CMP000114,HCP000487,2023-11-06,2024-11-27,0.17,0.18,0.1,56,1137,3834,953,2.14,11,Q4,2023,15,57,2024-07-07,view,17.9
CMP000161,HCP000062,2025-04-24,2025-05-01,0.1,0.06,0.2,74,8092,2949,178,0.97,4,Q2,2025,75,88,2025-04-28,conversion,3.4
CMP000391,HCP000260,2024-07-11,2025-07-18,0.51,0.27,0.2,38,4331,1127,897,2.62,7,Q3,2024,27,48,2025-02-07,view,9.3
CMP000226,HCP000352,2025-01-22,2025-06-04,0.12,0.33,0.1,53,5142,3723,643,2.52,1,Q1,2025,94,118,2025-05-11,conversion,23.6
CMP000049,HCP000342,2025-02-19,2025-06-23,0.29,0.24,0.22,93,7504,1117,78,1.62,2,Q1,2025,59,105,2025-05-05,click,6.6
CMP000032,HCP000467,2024-02-25,2024-07-13,0.24,0.08,0.08,41,7173,5521,485,0.19,2,Q1,2024,96,120,2024-03-01,view,17.2
CMP000397,HCP000089,2024-05-10,2025-08-16,0.89,0.25,0.02,44,6547,6803,211,2.46,5,Q2,2024,95,138,2024-10-27,conversion,28.9
CMP000302,HCP000310,2023-02-15,2024-04-26,0.78,0.17,0.17,97,7717,5020,748,1.75,2,Q1,2023,76,80,2023-04-01,click,16.4
CMP000293,HCP000444,2025-01-02,2025-07-26,0.45,0.07,0.28,74,4005,4535,870,2.04,1,Q1,2025,68,113,2025-05-20,click,16.1
CMP000077,HCP000121,2025-06-26,2025-08-10,0.17,0.29,0.29,17,7609,8156,608,1.48,6,Q2,2025,73,101,2025-07-03,conversion,10.4
CMP000066,HCP000124,2023-06-05,2024-06-24,0.77,0.35,0.19,52,9614,8863,871,2.21,6,Q2,2023,51,70,2024-02-15,view,24.9
CMP000170,HCP000307,2024-01-10,2024-08-04,0.5,0.18,0.17,19,8507,416,627,0.56,1,Q1,2024,26,56,2024-01-31,conversion,4.0
CMP000296,HCP000253,2023-12-07,2025-02-26,0.28,0.4,0.06,34,3930,234,852,1.06,12,Q4,2023,20,35,2024-10-03,conversion,11.9
CMP000030,HCP000414,2024-07-05,2024-11-16,0.4,0.12,0.28,84,8669,7929,882,0.95,7,Q3,2024,21,57,2024-08-08,view,21.1
CMP000294,HCP000232,2024-01-03,2025-04-07,0.45,0.38,0.05,27,7501,2761,807,1.57,1,Q1,2024,31,50,2024-09-06,conversion,11.7
CMP000040,HCP000167,2025-12-19,2025-12-23,0.39,0.13,0.04,12,6870,689,208,0.3,12,Q4,2025,84,93,2025-12-22,conversion,29.0
CMP000153,HCP000344,2023-02-13,2024-08-12,0.88,0.28,0.29,51,7244,426,336,1.34,2,Q1,2023,97,139,2024-04-28,conversion,12.0
CMP000006,HCP000333,2025-05-25,2025-07-19,0.63,0.33,0.19,19,7783,3657,779,0.67,5,Q2,2025,70,89,2025-07-18,conversion,9.5
CMP000134,HCP000220,2023-10-20,2025-11-22,0.27,0.19,0.3,49,6618,8291,481,0.3,10,Q4,2023,36,42,2024-12-14,click,4.9
CMP000221,HCP000016,2024-04-25,2024-09-08,0.18,0.24,0.04,95,4953,9268,246,1.21,4,Q2,2024,35,56,2024-07-29,conversion,11.6
CMP000165,HCP000277,2023-02-28,2023-07-18,0.8,0.21,0.05,46,9878,3380,725,0.15,2,Q1,2023,51,53,2023-03-10,view,4.4
CMP000356,HCP000318,2023-12-28,2025-04-08,0.59,0.17,0.02,81,3030,6785,331,0.59,12,Q4,2023,99,140,2024-06-14,conversion,28.5
CMP000079,HCP000194,2023-01-31,2025-04-27,0.17,0.25,0.19,17,1526,7254,793,2.02,1,Q1,2023,86,108,2025-02-11,conversion,16.9
CMP000330,HCP000081,2023-01-02,2024-05-31,0.3,0.1,0.07,71,4849,1734,971,0.84,1,Q1,2023,39,75,2024-04-23,conversion,26.6
CMP000255,HCP000214,2023-11-09,2024-05-29,0.18,0.17,0.16,96,1554,2534,690,2.91,11,Q4,2023,96,106,2024-03-20,view,14.7
CMP000335,HCP000388,2023-10-03,2025-02-16,0.5,0.28,0.2,61,8170,2122,112,1.7,10,Q4,2023,91,106,2023-11-18,conversion,25.4
CMP000298,HCP000130,2023-02-04,2023-09-21,0.3,0.19,0.16,15,7918,3536,962,0.74,2,Q1,2023,6,17,2023-09-19,view,23.9
CMP000126,HCP000084,2025-12-30,2025-12-30,0.5,0.27,0.08,40,3919,101,919,2.45,12,Q4,2025,18,35,2025-12-30,click,17.0
CMP000340,HCP000407,2025-03-28,2025-08-16,0.75,0.26,0.23,50,5044,735,24,2.2,3,Q1,2025,92,133,2025-04-11,click,2.3
CMP000278,HCP000128,2024-08-03,2025-12-30,0.38,0.36,0.12,7,5085,8810,203,1.58,8,Q3,2024,62,84,2025-06-06,click,17.8
CMP000135,HCP000371,2025-06-29,2025-07-18,0.66,0.1,0.01,59,1234,3240,456,2.33,6,Q2,2025,78,117,2025-07-07,conversion,16.7
CMP000056,HCP000481,2024-04-13,2024-12-19,0.73,0.14,0.22,23,9335,3016,665,0.73,4,Q2,2024,95,100,2024-06-04,view,0.7
CMP000385,HCP000307,2023-09-02,2025-07-11,0.26,0.05,0.22,38,1836,9877,789,1.83,9,Q3,2023,73,116,2025-05-09,click,17.3
CMP000374,HCP000239,2025-09-20,2025-12-23,0.61,0.11,0.17,52,5452,1763,825,2.44,9,Q3,2025,81,85,2025-11-22,view,22.4
CMP000222,HCP000405,2024-05-07,2024-09-19,0.25,0.33,0.29,66,1227,2437,302,0.73,5,Q2,2024,60,85,2024-08-24,click,24.8
CMP000388,HCP000103,2025-12-13,2025-12-27,0.77,0.27,0.11,22,5284,9209,187,0.8,12,Q4,2025,92,113,2025-12-21,view,18.1
CMP000194,HCP000327,2023-12-13,2025-05-12,0.71,0.13,0.24,7,7623,8751,274,1.79,12,Q4,2023,2,22,2025-03-14,conversion,12.5
CMP000342,HCP000177,2023-09-30,2025-05-09,0.4,0.27,0.06,76,7614,1621,516,2.09,9,Q3,2023,51,74,2024-05-25,view,20.3
CMP000189,HCP000190,2025-12-05,2025-12-19,0.49,0.09,0.15,8,7106,268,629,2.77,12,Q4,2025,48,79,2025-12-08,view,19.5
CMP000074,HCP000352,2023-10-04,2023-10-06,0.34,0.39,0.12,55,2573,8677,530,2.15,10,Q4,2023,5,38,2023-10-05,conversion,27.7
CMP000298,HCP000401,2024-08-31,2025-11-14,0.58,0.06,0.03,20,7687,5345,156,2.81,8,Q3,2024,56,72,2024-09-25,view,14.6
CMP000343,HCP000432,2023-10-10,2025-02-15,0.19,0.1,0.16,86,4616,3994,710,1.63,10,Q4,2023,95,134,2025-01-26,view,9.9
CMP000074,HCP000385,2023-12-10,2025-04-19,0.86,0.19,0.03,74,3875,6620,774,1.89,12,Q4,2023,84,131,2025-02-21,conversion,18.5
CMP000331,HCP000469,2023-06-11,2025-07-20,0.12,0.39,0.12,61,3871,4589,521,1.48,6,Q2,2023,75,109,2023-09-28,conversion,9.7
CMP000206,HCP000052,2024-05-29,2025-12-28,0.37,0.31,0.19,15,3261,1412,850,0.97,5,Q2,2024,4,19,2024-07-28,view,24.4
CMP000313,HCP000040,2024-01-05,2024-09-30,0.41,0.08,0.05,60,4581,3186,623,2.45,1,Q1,2024,97,114,2024-05-08,conversion,14.6
CMP000158,HCP000173,2023-09-18,2024-02-02,0.29,0.15,0.28,57,2446,9757,705,1.63,9,Q3,2023,12,19,2024-01-26,click,3.5
CMP000216,HCP000248,2025-09-19,2025-11-23,0.6,0.14,0.09,50,9964,8014,150,0.28,9,Q3,2025,89,138,2025-11-01,view,17.1
CMP000082,HCP000126,2023-01-18,2024-03-04,0.37,0.29,0.24,79,2872,7358,478,2.73,1,Q1,2023,4,44,2023-06-29,conversion,7.4
CMP000337,HCP000241,2024-01-23,2025-07-14,0.61,0.19,0.15,79,7944,7308,974,1.6,1,Q1,2024,96,117,2024-03-15,conversion,3.1
CMP000282,HCP000500,2024-06-28,2025-01-13,0.73,0.22,0.26,5,6393,233,75,2.23,6,Q2,2024,42,52,2024-08-08,view,1.7
CMP000168,HCP000312,2023-01-02,2023-03-17,0.53,0.23,0.21,5,1525,2427,508,2.22,1,Q1,2023,48,71,2023-02-08,conversion,1.7
CMP000003,HCP000375,2024-11-11,2025-10-02,0.64,0.37,0.27,9,3466,1325,661,1.4,11,Q4,2024,10,19,2025-01-14,view,2.5
CMP000222,HCP000079,2024-10-05,2025-10-22,0.5,0.18,0.04,85,8310,6945,398,0.87,10,Q4,2024,52,58,2025-09-12,conversion,11.2
CMP000112,HCP000013,2024-08-11,2025-05-10,0.3,0.35,0.15,5,7688,3751,25,2.47,8,Q3,2024,36,73,2025-03-11,view,10.2
CMP000025,HCP000072,2024-08-06,2024-10-23,0.2,0.23,0.02,76,9056,9884,106,1.48,8,Q3,2024,12,22,2024-09-21,click,19.2
CMP000217,HCP000360,2025-06-16,2025-09-11,0.69,0.22,0.02,67,3661,8894,51,1.87,6,Q2,2025,18,30,2025-07-01,view,28.0
CMP000221,HCP000262,2024-12-02,2025-01-28,0.49,0.21,0.2,94,8990,6327,67,2.63,12,Q4,2024,95,123,2024-12-05,view,18.4
CMP000165,HCP000437,2024-04-03,2024-04-18,0.46,0.21,0.01,58,6257,5009,731,0.69,4,Q2,2024,37,63,2024-04-10,conversion,10.7
CMP000301,HCP000373,2024-02-10,2024-05-01,0.87,0.35,0.03,27,1088,1763,239,2.52,2,Q1,2024,33,64,2024-02-17,view,29.7
CMP000166,HCP000260,2024-06-14,2024-10-24,0.16,0.37,0.15,23,5416,949,728,2.6,6,Q2,2024,53,72,2024-08-25,click,16.1
CMP000205,HCP000473,2023-09-07,2024-01-01,0.56,0.06,0.22,31,3543,7871,158,2.08,9,Q3,2023,3,36,2023-12-22,view,14.8
CMP000259,HCP000186,2023-05-25,2024-10-30,0.48,0.14,0.11,82,2363,407,713,2.13,5,Q2,2023,40,67,2024-08-28,click,8.8
CMP000217,HCP000202,2025-08-11,2025-11-12,0.82,0.18,0.03,26,6087,3402,111,2.41,8,Q3,2025,53,76,2025-10-18,conversion,5.0
CMP000186,HCP000249,2023-02-18,2024-12-19,0.23,0.19,0.28,91,5354,3553,478,2.65,2,Q1,2023,54,103,2024-07-09,conversion,29.7
CMP000271,HCP000089,2023-09-14,2025-07-19,0.77,0.21,0.14,36,7210,5230,977,1.87,9,Q3,2023,28,75,2024-01-14,click,23.9
CMP000050,HCP000167,2023-03-25,2023-08-29,0.21,0.17,0.16,38,3336,7776,84,1.88,3,Q1,2023,1,47,2023-05-28,click,5.8
CMP000399,HCP000361,2023-11-16,2025-12-11,0.63,0.2,0.21,8,3083,1335,905,1.93,11,Q4,2023,97,124,2024-04-11,view,20.2
CMP000337,HCP000329,2024-09-27,2025-12-01,0.14,0.4,0.09,48,5843,7839,526,1.77,9,Q3,2024,70,76,2025-11-20,conversion,14.8
CMP000315,HCP000265,2024-02-17,2025-07-14,0.4,0.27,0.01,98,8404,4103,275,1.74,2,Q1,2024,19,58,2024-09-22,view,28.6
CMP000103,HCP000095,2024-04-06,2024-10-07,0.83,0.14,0.04,61,3350,4088,410,2.18,4,Q2,2024,95,100,2024-04-24,click,17.6
CMP000165,HCP000013,2023-03-19,2024-11-18,0.52,0.28,0.11,35,2017,4790,318,2.49,3,Q1,2023,76,115,2024-06-05,conversion,5.6
CMP000093,HCP000144,2025-05-03,2025-11-09,0.82,0.21,0.12,86,3919,2172,332,1.4,5,Q2,2025,53,86,2025-06-01,conversion,23.3
CMP000175,HCP000347,2023-03-26,2024-10-06,0.85,0.14,0.08,81,5685,301,298,2.05,3,Q1,2023,12,43,2023-03-28,click,2.4
CMP000261,HCP000179,2024-10-26,2025-01-02,0.59,0.09,0.15,60,3349,5159,770,0.77,10,Q4,2024,81,83,2024-11-23,click,20.0
CMP000100,HCP000402,2025-10-25,2025-12-24,0.32,0.33,0.06,36,9550,3461,405,1.99,10,Q4,2025,91,130,2025-12-22,click,14.4
CMP000352,HCP000395,2025-01-16,2025-04-03,0.29,0.07,0.13,16,4147,3637,294,0.13,1,Q1,2025,2,3,2025-01-25,conversion,29.7
CMP000328,HCP000011,2023-02-09,2023-12-27,0.48,0.17,0.11,56,5048,9047,515,1.88,2,Q1,2023,10,38,2023-04-16,view,5.2
CMP000345,HCP000238,2025-09-18,2025-11-13,0.17,0.38,0.2,90,2498,9040,725,2.4,9,Q3,2025,52,85,2025-09-25,click,9.3
CMP000035,HCP000490,2025-01-05,2025-11-28,0.43,0.07,0.29,89,1837,8894,172,0.66,1,Q1,2025,73,92,2025-02-18,click,5.1
CMP000232,HCP000328,2024-04-24,2025-12-24,0.71,0.33,0.28,80,2307,8489,425,1.63,4,Q2,2024,42,64,2025-02-26,view,3.1
CMP000216,HCP000315,2025-01-01,2025-07-09,0.31,0.24,0.28,47,9801,1017,166,2.63,1,Q1,2025,52,98,2025-06-23,view,17.8
CMP000252,HCP000429,2025-10-23,2025-11-17,0.82,0.06,0.15,13,4253,888,266,1.44,10,Q4,2025,86,92,2025-10-27,click,18.5
CMP000279,HCP000149,2025-09-24,2025-12-08,0.19,0.12,0.12,28,8562,8899,340,0.43,9,Q3,2025,79,119,2025-10-11,conversion,17.0
CMP000369,HCP000355,2024-07-30,2025-05-22,0.39,0.32,0.06,87,4774,6546,10,2.58,7,Q3,2024,10,17,2024-12-20,view,11.7
CMP000162,HCP000019,2023-10-17,2025-09-08,0.12,0.07,0.21,24,3990,9399,385,2.24,10,Q4,2023,67,98,2023-11-20,click,11.5
CMP000325,HCP000011,2024-02-14,2025-01-20,0.56,0.19,0.1,87,8056,7524,523,2.9,2,Q1,2024,97,132,2024-08-12,view,19.7
CMP000260,HCP000057,2024-02-14,2024-08-07,0.66,0.16,0.28,2,1409,2016,376,0.13,2,Q1,2024,44,76,2024-07-25,click,15.0
CMP000004,HCP000118,2024-02-22,2025-05-05,0.16,0.14,0.29,92,6274,1942,636,0.53,2,Q1,2024,81,119,2024-04-09,conversion,16.4
CMP000103,HCP000240,2023-08-23,2024-01-20,0.65,0.31,0.06,24,7103,3925,161,2.01,8,Q3,2023,61,85,2023-09-08,conversion,5.0
CMP000153,HCP000411,2025-11-03,2025-12-06,0.1,0.16,0.04,16,5834,1646,724,1.68,11,Q4,2025,69,91,2025-11-29,conversion,22.9
CMP000232,HCP000461,2024-10-05,2025-03-30,0.65,0.34,0.2,21,3686,2432,956,2.18,10,Q4,2024,23,55,2025-01-20,view,10.6
CMP000297,HCP000330,2023-04-05,2024-11-26,0.42,0.22,0.19,67,1495,3095,103,2.64,4,Q2,2023,7,23,2024-05-14,view,26.9
CMP000281,HCP000443,2024-10-12,2025-12-01,0.18,0.14,0.09,11,8734,6774,357,1.41,10,Q4,2024,90,111,2025-10-15,view,20.4
CMP000142,HCP000316,2025-06-08,2025-09-07,0.63,0.14,0.13,60,8059,4579,135,2.59,6,Q2,2025,56,84,2025-07-24,view,20.0
CMP000065,HCP000472,2024-04-09,2024-06-09,0.81,0.21,0.03,62,1761,2507,884,2.56,4,Q2,2024,79,98,2024-05-17,view,27.4
CMP000149,HCP000010,2023-02-23,2025-04-12,0.48,0.09,0.25,52,9935,2528,431,0.71,2,Q1,2023,8,36,2023-10-10,conversion,13.6
CMP000331,HCP000196,2023-07-06,2025-06-02,0.81,0.35,0.3,12,7228,2931,599,2.4,7,Q3,2023,91,126,2023-11-17,click,29.4
CMP000278,HCP000143,2023-09-17,2024-08-11,0.43,0.3,0.27,40,7659,3848,459,0.26,9,Q3,2023,81,129,2024-07-26,view,8.8
CMP000095,HCP000319,2023-10-27,2024-05-10,0.85,0.1,0.13,67,9544,7280,926,0.42,10,Q4,2023,80,100,2023-11-12,click,29.7
CMP000201,HCP000368,2024-10-19,2024-12-18,0.45,0.22,0.1,51,4612,5662,945,1.78,10,Q4,2024,36,50,2024-11-30,click,11.7
CMP000276,HCP000389,2023-11-10,2024-06-26,0.19,0.16,0.13,26,3544,3968,324,0.35,11,Q4,2023,83,130,2024-02-18,view,7.8
CMP000252,HCP000283,2024-05-11,2025-11-26,0.44,0.37,0.22,94,9629,8460,757,1.86,5,Q2,2024,23,50,2024-07-02,click,6.2
CMP000253,HCP000404,2023-05-16,2025-01-07,0.75,0.26,0.24,35,3542,9425,330,1.36,5,Q2,2023,72,78,2024-07-21,click,26.3
CMP000364,HCP000232,2024-09-09,2025-11-11,0.28,0.36,0.11,8,2316,5304,918,0.25,9,Q3,2024,29,69,2025-05-20,view,4.6
CMP000158,HCP000400,2024-03-05,2025-04-12,0.46,0.37,0.1,31,1887,6115,314,0.14,3,Q1,2024,26,38,2025-02-23,view,20.3
CMP000045,HCP000174,2023-01-20,2025-09-13,0.13,0.29,0.2,39,7547,5296,246,0.69,1,Q1,2023,8,47,2025-07-20,click,27.8
CMP000036,HCP000390,2025-03-22,2025-08-31,0.17,0.36,0.28,73,4087,3658,183,0.32,3,Q1,2025,97,114,2025-04-12,view,2.3
CMP000001,HCP000399,2024-10-05,2025-01-29,0.33,0.09,0.03,67,2915,9215,560,0.47,10,Q4,2024,60,90,2024-11-02,view,7.1
CMP000256,HCP000239,2025-05-30,2025-07-07,0.56,0.25,0.23,13,5021,4509,557,0.42,5,Q2,2025,3,40,2025-06-04,click,11.0
CMP000291,HCP000349,2025-05-24,2025-07-02,0.56,0.3,0.17,76,8928,1890,59,2.04,5,Q2,2025,82,111,2025-07-01,click,5.4
CMP000223,HCP000121,2024-03-20,2025-05-10,0.28,0.06,0.11,51,4099,9848,481,0.71,3,Q1,2024,77,126,2024-12-12,click,23.3
CMP000119,HCP000476,2024-09-30,2025-04-23,0.28,0.12,0.18,30,7811,8442,234,0.4,9,Q3,2024,61,92,2025-02-25,click,26.5
CMP000162,HCP000380,2025-10-14,2025-11-30,0.9,0.2,0.06,13,7145,2709,144,2.26,10,Q4,2025,8,19,2025-11-10,conversion,6.4
CMP000059,HCP000009,2025-08-03,2025-11-02,0.86,0.3,0.25,2,2726,1007,169,2.32,8,Q3,2025,69,94,2025-08-06,conversion,29.8
CMP000089,HCP000095,2023-09-25,2024-11-25,0.85,0.24,0.24,64,7697,8869,542,0.6,9,Q3,2023,70,74,2024-08-02,view,23.6
CMP000235,HCP000427,2023-08-12,2025-04-27,0.64,0.1,0.11,98,9998,9325,211,0.5,8,Q3,2023,6,51,2023-09-11,conversion,6.6
CMP000161,HCP000067,2024-09-06,2025-05-21,0.42,0.34,0.18,68,1260,3896,834,1.18,9,Q3,2024,95,134,2024-12-07,click,27.2
CMP000007,HCP000497,2023-03-18,2025-03-25,0.87,0.1,0.23,34,6781,2199,252,1.12,3,Q1,2023,74,118,2025-03-02,conversion,19.8
CMP000010,HCP000202,2024-02-22,2024-12-07,0.68,0.22,0.09,71,2040,8088,315,0.72,2,Q1,2024,97,121,2024-02-29,click,21.0
CMP000346,HCP000029,2024-06-08,2025-01-29,0.29,0.29,0.24,45,4726,1987,309,0.35,6,Q2,2024,84,95,2024-10-06,conversion,11.2
CMP000145,HCP000027,2024-03-11,2025-12-25,0.9,0.15,0.29,2,2473,9241,934,1.88,3,Q1,2024,88,103,2025-03-27,conversion,10.6
CMP000265,HCP000411,2025-12-17,2025-12-19,0.2,0.06,0.1,43,5501,8452,804,0.84,12,Q4,2025,83,127,2025-12-17,conversion,27.8
CMP000070,HCP000323,2023-07-28,2024-11-05,0.6,0.1,0.16,77,6284,1652,658,1.87,7,Q3,2023,57,69,2024-07-06,click,28.3
CMP000281,HCP000223,2024-05-13,2024-12-08,0.37,0.34,0.2,42,1937,7695,434,0.99,5,Q2,2024,90,136,2024-10-21,view,22.1
CMP000139,HCP000485,2025-07-28,2025-11-30,0.11,0.23,0.04,67,8017,9949,62,0.13,7,Q3,2025,94,125,2025-08-14,click,8.6
CMP000375,HCP000059,2023-10-19,2025-09-04,0.35,0.37,0.17,16,6659,2003,138,1.0,10,Q4,2023,42,75,2024-03-31,view,11.6
CMP000092,HCP000003,2024-09-24,2025-10-05,0.23,0.07,0.26,24,7035,7171,108,0.99,9,Q3,2024,43,62,2025-07-15,conversion,18.7
CMP000130,HCP000068,2025-03-13,2025-08-05,0.17,0.33,0.14,17,9064,3716,295,0.18,3,Q1,2025,12,49,2025-03-23,view,23.0
CMP000186,HCP000365,2025-03-11,2025-05-11,0.58,0.29,0.07,95,7290,1408,478,1.18,3,Q1,2025,92,108,2025-03-17,click,10.4
CMP000060,HCP000098,2024-04-28,2025-10-31,0.23,0.24,0.16,80,2592,4480,138,1.41,4,Q2,2024,59,80,2025-05-26,conversion,5.9
CMP000098,HCP000300,2024-09-18,2025-01-01,0.83,0.16,0.27,23,8636,4287,278,0.19,9,Q3,2024,70,113,2024-12-28,click,24.0
CMP000168,HCP000454,2025-06-02,2025-06-13,0.16,0.38,0.21,75,1049,9261,707,0.47,6,Q2,2025,92,120,2025-06-04,conversion,11.5
CMP000123,HCP000341,2023-10-27,2024-09-02,0.55,0.09,0.12,73,9017,2915,980,1.84,10,Q4,2023,9,24,2023-11-18,view,5.0
CMP000038,HCP000203,2024-01-23,2024-02-17,0.31,0.26,0.18,83,4590,7070,387,2.27,1,Q1,2024,3,16,2024-02-14,view,24.4
CMP000037,HCP000429,2023-03-20,2024-09-29,0.2,0.09,0.21,45,1287,885,278,0.86,3,Q1,2023,62,71,2024-09-17,conversion,2.4
CMP000270,HCP000252,2023-11-06,2025-01-04,0.2,0.1,0.21,67,1611,7328,624,2.59,11,Q4,2023,17,65,2024-08-18,conversion,29.5
CMP000046,HCP000093,2024-12-22,2025-07-06,0.64,0.13,0.16,47,4139,2359,212,3.0,12,Q4,2024,72,99,2025-05-25,click,10.6
CMP000225,HCP000225,2025-09-14,2025-10-08,0.37,0.21,0.29,25,5075,6262,184,2.46,9,Q3,2025,33,35,2025-09-30,view,1.7
CMP000298,HCP000470,2023-02-17,2024-02-27,0.22,0.19,0.28,32,3891,6686,465,0.92,2,Q1,2023,18,47,2023-07-11,click,15.2
CMP000364,HCP000305,2025-01-29,2025-09-16,0.37,0.29,0.14,70,5693,7666,931,2.66,1,Q1,2025,57,66,2025-07-21,conversion,3.1
CMP000150,HCP000067,2023-10-03,2025-10-09,0.83,0.24,0.09,57,1087,7215,662,2.2,10,Q4,2023,52,71,2024-12-31,click,24.5
CMP000039,HCP000013,2025-05-06,2025-09-18,0.39,0.19,0.27,43,1208,699,614,1.92,5,Q2,2025,47,68,2025-07-11,click,15.3
CMP000259,HCP000121,2023-09-12,2024-10-17,0.6,0.3,0.2,43,1822,6200,557,2.31,9,Q3,2023,52,91,2023-11-21,conversion,11.0
CMP000139,HCP000304,2024-03-18,2024-04-08,0.47,0.4,0.1,71,7958,5542,808,2.78,3,Q1,2024,89,132,2024-03-27,view,21.1
CMP000189,HCP000469,2023-03-19,2023-11-27,0.37,0.25,0.21,17,8406,4819,590,1.42,3,Q1,2023,55,61,2023-10-27,conversion,28.0
CMP000396,HCP000395,2023-11-29,2025-09-24,0.84,0.12,0.19,29,7452,9944,185,0.37,11,Q4,2023,86,87,2024-05-18,conversion,21.0
CMP000176,HCP000350,2025-10-02,2025-10-23,0.49,0.22,0.06,81,9479,9289,295,2.21,10,Q4,2025,55,92,2025-10-18,conversion,13.5
CMP000371,HCP000109,2023-11-18,2024-06-14,0.7,0.31,0.16,31,8161,8109,722,0.29,11,Q4,2023,42,59,2024-04-25,view,7.8
CMP000003,HCP000082,2025-03-08,2025-03-15,0.21,0.29,0.11,77,1476,7526,102,0.61,3,Q1,2025,21,39,2025-03-08,click,12.4
CMP000167,HCP000480,2025-01-06,2025-12-25,0.77,0.23,0.02,25,7154,356,825,1.05,1,Q1,2025,10,26,2025-02-26,view,29.3
CMP000019,HCP000110,2025-10-02,2025-10-18,0.38,0.4,0.14,81,3042,2281,508,2.9,10,Q4,2025,86,96,2025-10-16,conversion,24.0
CMP000213,HCP000321,2023-01-14,2023-12-27,0.68,0.27,0.04,29,8668,3492,672,1.14,1,Q1,2023,51,85,2023-04-22,conversion,15.7
CMP000110,HCP000327,2025-08-03,2025-10-01,0.42,0.35,0.11,91,7941,1081,357,2.14,8,Q3,2025,26,60,2025-08-29,conversion,23.2
CMP000361,HCP000287,2024-10-20,2025-08-08,0.47,0.34,0.21,59,4767,6819,506,2.17,10,Q4,2024,85,98,2025-03-04,view,10.4
CMP000360,HCP000190,2024-12-14,2025-03-21,0.72,0.31,0.18,2,1752,7656,946,0.81,12,Q4,2024,62,97,2025-01-04,conversion,18.7
CMP000052,HCP000049,2024-12-25,2025-04-21,0.5,0.36,0.14,80,3422,8965,875,2.29,12,Q4,2024,20,36,2025-04-05,click,17.1
CMP000319,HCP000067,2025-08-26,2025-11-11,0.46,0.29,0.14,42,6399,399,138,2.86,8,Q3,2025,54,89,2025-10-21,conversion,25.8
CMP000338,HCP000471,2023-06-08,2023-06-19,0.32,0.26,0.2,88,7880,4821,287,0.88,6,Q2,2023,86,90,2023-06-14,click,19.0
CMP000181,HCP000337,2025-10-25,2025-11-30,0.66,0.35,0.18,48,7052,8359,628,1.01,10,Q4,2025,77,103,2025-11-21,conversion,23.5
CMP000180,HCP000047,2025-10-02,2025-11-28,0.76,0.11,0.11,75,2705,6097,953,2.47,10,Q4,2025,72,104,2025-10-29,conversion,5.0
CMP000292,HCP000066,2024-04-08,2025-09-21,0.81,0.08,0.17,94,5691,8939,155,2.11,4,Q2,2024,18,19,2024-06-30,view,15.6
CMP000138,HCP000203,2025-01-18,2025-02-11,0.44,0.2,0.08,42,1131,8522,404,0.84,1,Q1,2025,86,88,2025-01-26,click,1.6
CMP000396,HCP000021,2024-03-05,2025-07-15,0.56,0.36,0.27,54,7632,6855,900,0.57,3,Q1,2024,93,101,2024-11-12,view,4.7
CMP000385,HCP000200,2024-03-06,2024-09-24,0.5,0.21,0.06,93,3568,1708,547,0.87,3,Q1,2024,17,57,2024-06-30,click,21.4
CMP000221,HCP000281,2023-10-20,2024-06-08,0.37,0.28,0.09,45,7061,8723,400,0.54,10,Q4,2023,40,50,2024-05-07,view,26.5
CMP000141,HCP000027,2024-01-09,2025-12-07,0.62,0.35,0.24,12,7740,9911,285,0.89,1,Q1,2024,24,34,2024-02-22,conversion,4.6
CMP000143,HCP000452,2025-07-21,2025-10-07,0.41,0.32,0.06,51,9646,3408,221,0.2,7,Q3,2025,62,93,2025-09-23,view,4.9
CMP000304,HCP000296,2024-05-11,2025-10-21,0.25,0.13,0.24,17,2511,2358,241,0.17,5,Q2,2024,34,80,2024-08-27,click,23.3
CMP000179,HCP000484,2023-02-09,2025-11-23,0.35,0.11,0.19,82,1170,5251,272,1.28,2,Q1,2023,46,63,2025-03-22,conversion,25.2
CMP000088,HCP000334,2024-04-04,2024-10-22,0.38,0.31,0.28,58,6193,9917,856,2.63,4,Q2,2024,49,49,2024-09-13,view,20.2
CMP000028,HCP000354,2024-09-20,2025-07-18,0.56,0.09,0.15,83,4537,6816,458,0.14,9,Q3,2024,35,49,2025-07-03,conversion,23.5
CMP000042,HCP000486,2023-02-24,2025-08-17,0.3,0.21,0.17,22,7893,9033,174,1.67,2,Q1,2023,51,77,2025-07-31,view,24.5
CMP000136,HCP000238,2023-10-23,2025-04-08,0.9,0.21,0.03,91,5104,8146,22,1.13,10,Q4,2023,74,106,2024-04-12,conversion,4.6
CMP000067,HCP000297,2025-12-02,2025-12-27,0.54,0.05,0.16,16,2002,7508,464,2.71,12,Q4,2025,6,23,2025-12-25,conversion,1.5
CMP000259,HCP000238,2025-11-09,2025-12-13,0.19,0.21,0.01,38,1031,7820,301,1.96,11,Q4,2025,87,88,2025-12-03,view,14.1
CMP000335,HCP000493,2024-04-11,2024-08-21,0.57,0.22,0.16,33,2422,7658,993,0.24,4,Q2,2024,10,24,2024-08-16,click,19.3
CMP000104,HCP000319,2025-05-17,2025-07-26,0.71,0.16,0.08,37,7444,4823,350,1.22,5,Q2,2025,33,35,2025-06-14,conversion,2.9
CMP000343,HCP000347,2023-06-01,2025-06-01,0.32,0.14,0.08,62,6521,511,980,2.49,6,Q2,2023,2,38,2023-09-08,click,20.0
CMP000111,HCP000290,2024-02-06,2025-08-22,0.87,0.09,0.15,72,6361,9554,312,2.78,2,Q1,2024,48,76,2025-04-15,click,2.3
CMP000383,HCP000044,2023-10-12,2025-03-16,0.62,0.35,0.12,2,5780,4756,132,2.3,10,Q4,2023,92,99,2025-03-03,click,10.1
CMP000295,HCP000432,2023-05-19,2024-04-28,0.81,0.11,0.19,4,3957,7016,715,0.94,5,Q2,2023,18,44,2023-10-03,click,12.9
CMP000146,HCP000123,2023-12-13,2025-07-13,0.18,0.36,0.18,42,8931,1814,134,1.57,12,Q4,2023,85,87,2024-08-07,click,0.6
CMP000058,HCP000431,2024-10-15,2025-06-29,0.54,0.37,0.11,40,6014,6759,174,1.74,10,Q4,2024,44,76,2025-03-08,click,28.5
CMP000285,HCP000229,2024-02-09,2025-05-08,0.87,0.14,0.25,80,5976,5167,694,2.92,2,Q1,2024,22,51,2024-09-24,conversion,22.4
CMP000221,HCP000315,2024-12-21,2025-11-16,0.66,0.39,0.02,65,8206,9312,474,0.83,12,Q4,2024,71,97,2025-02-04,view,25.4
CMP000072,HCP000070,2024-12-31,2025-01-20,0.88,0.28,0.16,6,7886,2058,89,1.39,12,Q4,2024,15,41,2025-01-15,click,14.9
CMP000007,HCP000368,2025-06-25,2025-10-15,0.86,0.2,0.22,46,8967,7939,124,0.72,6,Q2,2025,90,94,2025-07-08,click,21.3
CMP000174,HCP000452,2025-01-03,2025-12-14,0.29,0.11,0.03,49,1497,636,243,0.99,1,Q1,2025,13,56,2025-03-19,conversion,3.7
CMP000080,HCP000076,2025-02-16,2025-04-03,0.84,0.11,0.18,60,8242,6231,375,1.13,2,Q1,2025,38,49,2025-03-30,conversion,18.9
CMP000295,HCP000333,2025-11-23,2025-12-11,0.43,0.34,0.17,82,3137,4952,307,0.62,11,Q4,2025,56,77,2025-12-05,conversion,23.8
CMP000270,HCP000498,2024-04-08,2025-02-22,0.64,0.34,0.22,73,1448,167,848,2.95,4,Q2,2024,83,122,2024-04-28,conversion,19.3
CMP000221,HCP000242,2023-08-23,2024-03-23,0.6,0.16,0.19,27,1367,6301,290,1.21,8,Q3,2023,48,97,2023-11-08,click,21.6
CMP000161,HCP000103,2024-06-16,2025-04-29,0.55,0.09,0.06,15,9628,2465,825,2.18,6,Q2,2024,15,63,2025-01-23,conversion,28.8
CMP000316,HCP000240,2024-12-11,2025-02-04,0.59,0.07,0.04,40,3334,7790,346,0.74,12,Q4,2024,75,113,2025-01-10,conversion,7.8
CMP000280,HCP000297,2023-10-08,2024-02-10,0.86,0.07,0.24,78,6766,3823,863,0.64,10,Q4,2023,48,84,2024-01-10,conversion,20.8
CMP000352,HCP000254,2024-05-31,2025-10-03,0.53,0.34,0.09,86,8085,4279,126,2.28,5,Q2,2024,91,124,2024-10-15,click,17.4
CMP000102,HCP000145,2024-05-01,2025-09-05,0.64,0.3,0.3,10,8038,8202,915,0.61,5,Q2,2024,99,111,2024-06-15,view,14.1
CMP000291,HCP000111,2023-01-08,2024-12-10,0.7,0.07,0.26,6,3934,6017,164,2.86,1,Q1,2023,39,73,2023-08-08,conversion,16.8
CMP000211,HCP000478,2023-11-22,2025-07-05,0.2,0.29,0.14,90,9218,2374,805,1.07,11,Q4,2023,56,103,2024-03-31,view,19.0
CMP000018,HCP000205,2025-06-14,2025-08-14,0.26,0.4,0.23,80,6720,1255,750,1.3,6,Q2,2025,33,36,2025-07-31,view,18.1
CMP000336,HCP000450,2023-05-17,2023-12-04,0.67,0.36,0.29,60,6782,8026,184,1.21,5,Q2,2023,46,61,2023-11-01,conversion,23.9
CMP000305,HCP000344,2025-09-11,2025-12-03,0.53,0.27,0.3,15,1820,7802,854,2.42,9,Q3,2025,94,94,2025-10-20,view,21.6
CMP000058,HCP000431,2024-10-28,2025-11-02,0.81,0.16,0.02,3,8389,3500,381,1.71,10,Q4,2024,88,119,2025-03-25,conversion,27.5
CMP000020,HCP000081,2023-01-08,2023-03-07,0.13,0.31,0.2,3,2883,4921,760,0.77,1,Q1,2023,46,61,2023-02-28,view,27.7
CMP000053,HCP000369,2023-11-06,2025-06-07,0.14,0.19,0.13,6,7704,1987,721,2.17,11,Q4,2023,47,90,2023-11-16,conversion,27.2
CMP000022,HCP000047,2024-05-15,2025-12-23,0.69,0.4,0.24,47,2050,4138,36,0.54,5,Q2,2024,55,71,2025-07-01,conversion,25.8
CMP000121,HCP000289,2023-10-24,2023-11-20,0.65,0.19,0.13,34,5422,1514,306,1.15,10,Q4,2023,55,61,2023-10-24,view,28.1
CMP000334,HCP000424,2025-08-31,2025-10-18,0.76,0.24,0.07,91,8469,2045,356,2.92,8,Q3,2025,42,79,2025-09-10,view,29.4
CMP000250,HCP000032,2025-12-13,2025-12-21,0.48,0.39,0.12,7,4868,4485,272,2.84,12,Q4,2025,58,78,2025-12-16,conversion,11.1
CMP000303,HCP000333,2023-07-20,2023-12-26,0.15,0.15,0.21,30,5797,6900,368,2.47,7,Q3,2023,81,120,2023-10-02,view,17.5
CMP000222,HCP000287,2025-02-20,2025-10-06,0.11,0.17,0.19,85,8694,3419,491,1.65,2,Q1,2025,27,28,2025-06-18,view,29.9
CMP000347,HCP000324,2023-09-17,2023-12-27,0.77,0.11,0.23,50,5987,9778,471,2.77,9,Q3,2023,37,66,2023-09-25,click,3.1
CMP000183,HCP000455,2024-04-08,2024-11-19,0.68,0.29,0.11,91,9863,604,309,2.34,4,Q2,2024,37,63,2024-10-02,conversion,22.4
CMP000036,HCP000049,2025-03-19,2025-11-05,0.68,0.3,0.17,41,7900,2260,886,2.23,3,Q1,2025,86,99,2025-10-08,conversion,27.1
CMP000196,HCP000402,2024-06-08,2025-05-10,0.79,0.36,0.14,60,9497,2614,941,2.7,6,Q2,2024,73,80,2025-03-01,click,24.4
CMP000264,HCP000216,2023-07-27,2025-01-09,0.56,0.06,0.04,57,1651,1150,55,2.2,7,Q3,2023,58,70,2024-08-10,click,21.5
CMP000049,HCP000291,2024-07-12,2024-12-05,0.32,0.1,0.09,10,3721,4921,525,1.75,7,Q3,2024,29,74,2024-08-13,conversion,3.3
CMP000059,HCP000445,2024-09-18,2024-10-02,0.16,0.36,0.27,9,1531,9844,21,1.64,9,Q3,2024,67,71,2024-09-23,click,23.3
CMP000233,HCP000401,2023-12-15,2025-07-01,0.45,0.18,0.2,88,6280,8994,536,0.5,12,Q4,2023,28,37,2024-03-25,click,13.6
CMP000263,HCP000389,2023-11-25,2025-06-17,0.67,0.36,0.16,57,6191,3141,177,1.22,11,Q4,2023,36,82,2023-12-12,conversion,24.2
CMP000315,HCP000427,2025-07-05,2025-10-10,0.49,0.17,0.24,65,2021,3592,904,0.8,7,Q3,2025,33,41,2025-07-21,click,26.1
CMP000051,HCP000327,2023-07-11,2025-01-30,0.68,0.17,0.21,39,1182,5596,714,2.67,7,Q3,2023,77,102,2025-01-13,click,12.5
CMP000087,HCP000129,2025-10-07,2025-12-22,0.88,0.1,0.11,69,1728,1387,939,0.23,10,Q4,2025,96,106,2025-10-10,conversion,19.4
CMP000370,HCP000436,2024-08-05,2025-12-15,0.9,0.13,0.09,69,3156,6079,229,2.0,8,Q3,2024,80,97,2025-02-19,click,17.0
CMP000385,HCP000008,2025-04-10,2025-12-08,0.56,0.12,0.11,78,9185,7168,423,2.0,4,Q2,2025,11,42,2025-04-28,conversion,19.1
CMP000335,HCP000038,2025-07-11,2025-07-20,0.39,0.05,0.24,56,1774,8985,168,1.36,7,Q3,2025,94,124,2025-07-19,view,20.6
CMP000400,HCP000406,2023-06-17,2023-07-17,0.78,0.05,0.07,61,2378,4684,223,0.74,6,Q2,2023,35,78,2023-06-19,conversion,22.3
CMP000232,HCP000172,2025-12-07,2025-12-09,0.59,0.15,0.28,27,4741,162,137,2.17,12,Q4,2025,62,70,2025-12-08,view,5.2
CMP000229,HCP000371,2024-11-21,2025-09-12,0.19,0.21,0.17,83,5474,4331,739,0.67,11,Q4,2024,23,32,2025-01-07,view,26.6
CMP000154,HCP000011,2025-04-30,2025-08-06,0.58,0.05,0.27,61,5071,8171,879,1.54,4,Q2,2025,35,72,2025-07-31,view,29.4
CMP000228,HCP000111,2025-12-26,2025-12-26,0.42,0.27,0.27,69,5568,9285,888,1.17,12,Q4,2025,27,68,2025-12-26,view,17.9
CMP000325,HCP000146,2025-12-15,2025-12-30,0.88,0.35,0.14,20,1794,1661,169,0.32,12,Q4,2025,12,21,2025-12-15,click,3.1
CMP000046,HCP000217,2024-04-12,2025-03-04,0.81,0.17,0.07,16,5755,3721,120,1.07,4,Q2,2024,76,109,2024-12-24,conversion,5.3
CMP000376,HCP000219,2023-06-06,2025-08-22,0.36,0.22,0.3,37,3241,7918,468,2.36,6,Q2,2023,44,88,2024-07-29,click,11.1
CMP000139,HCP000349,2025-08-25,2025-12-20,0.48,0.11,0.04,51,1924,3045,271,1.18,8,Q3,2025,88,127,2025-09-20,click,14.7
CMP000314,HCP000012,2024-10-12,2025-01-01,0.44,0.13,0.06,1,8479,4761,404,1.59,10,Q4,2024,28,74,2024-11-30,conversion,5.9
CMP000380,HCP000090,2025-08-17,2025-09-08,0.65,0.28,0.13,9,5902,5336,98,1.81,8,Q3,2025,95,128,2025-08-23,click,26.2
